feature,mean_abs_shap
ios,0.26483813
server,0.20088917
crafted,0.17928001
allows,0.15801175
unauthenticated,0.127062
contains,0.12582286
attacker,0.12563221
arbitrary,0.1235392
remote,0.104477175
allow,0.09715356
microsoft,0.08896487
contain,0.08849923
execute,0.08382863
execution,0.07898638
bounds,0.074348666
